INSERT INTO  UserAddress(addressId,STREET,CITY,STATE,POSTCODE) VALUES (1001,'1 street','sydney','nsw','2000');
INSERT INTO  UserAddress(addressId,STREET,CITY,STATE,POSTCODE) VALUES (1002,'2 street','sydney','nsw','2000');
INSERT INTO  UserAddress(addressId,STREET,CITY,STATE,POSTCODE) VALUES (1003,'3 street','sydney','nsw','2000');
INSERT INTO  UserAddress(addressId,STREET,CITY,STATE,POSTCODE) VALUES (1004,'4 street','sydney','nsw','2000');
INSERT INTO  UserAddress(addressId,STREET,CITY,STATE,POSTCODE) VALUES (1005,'5 street','sydney','nsw','2000');

INSERT INTO  UserDetail(userId,TITLE,FIRSTNAME,LASTNAME,GENDER,BCRYPTEDPASSWORD,ADDRESSID) VALUES (1001,'Mr','fname1','lname1','male','$2a$04$v/JSaqF22WN0N/IJAw1CTeUqjDpD6lKmdljD0E3owDN0CC6FVbW8i',1001);
INSERT INTO  UserDetail(userId,TITLE,FIRSTNAME,LASTNAME,GENDER,BCRYPTEDPASSWORD,ADDRESSID) VALUES (1002,'Mr','fname2','lname2','male','$2a$04$v/JSaqF22WN0N/IJAw1CTeUqjDpD6lKmdljD0E3owDN0CC6FVbW8i',1002);
INSERT INTO  UserDetail(userId,TITLE,FIRSTNAME,LASTNAME,GENDER,BCRYPTEDPASSWORD,ADDRESSID) VALUES (1003,'Mr','fname3','lname3','male','$2a$04$v/JSaqF22WN0N/IJAw1CTeUqjDpD6lKmdljD0E3owDN0CC6FVbW8i',1003);
INSERT INTO  UserDetail(userId,TITLE,FIRSTNAME,LASTNAME,GENDER,BCRYPTEDPASSWORD,ADDRESSID) VALUES (1004,'Mr','fname4','lname4','male','$2a$04$v/JSaqF22WN0N/IJAw1CTeUqjDpD6lKmdljD0E3owDN0CC6FVbW8i',1004);
INSERT INTO  UserDetail(userId,TITLE,FIRSTNAME,LASTNAME,GENDER,BCRYPTEDPASSWORD,ADDRESSID) VALUES (1005,'Mr','fname5','lname5','male','$2a$04$v/JSaqF22WN0N/IJAw1CTeUqjDpD6lKmdljD0E3owDN0CC6FVbW8i',1005);

INSERT INTO Role (roleId,name) VALUES (1001,'USER');
INSERT INTO Role (roleId,name) VALUES (1002,'ADMIN');

INSERT INTO UserRole (userId,roleId) VALUES (1001,1002);
INSERT INTO UserRole (userId,roleId) VALUES (1002,1001);
INSERT INTO UserRole (userId,roleId) VALUES (1003,1001);
INSERT INTO UserRole (userId,roleId) VALUES (1004,1001);
INSERT INTO UserRole (userId,roleId) VALUES (1005,1001);